{"overrides":[{"predicate":{"custom_model_data":1},"model":"modelengine:skr_snowbone/left_leg"},{"predicate":{"custom_model_data":2},"model":"modelengine:skr_snowbone/right_leg"},{"predicate":{"custom_model_data":3},"model":"modelengine:skr_snowbone/body"},{"predicate":{"custom_model_data":4},"model":"modelengine:skr_snowbone/head"},{"predicate":{"custom_model_data":5},"model":"modelengine:skr_snowbone/right_arm"},{"predicate":{"custom_model_data":6},"model":"modelengine:skr_snowbone/left_arm"},{"predicate":{"custom_model_data":7},"model":"modelengine:skr_snowbone/upper_skull"},{"predicate":{"custom_model_data":8},"model":"modelengine:skr_snowbone/snowball"},{"predicate":{"custom_model_data":9},"model":"modelengine:skr_snowbone/hat"},{"predicate":{"custom_model_data":10},"model":"modelengine:skr_snowbone/hat2"}],"parent":"minecraft:item/generated","textures":{"layer0":"minecraft:item/leather_horse_armor"}}