{"textures":{"1":"modelengine:entity/skr_snowbone"},"elements":[{"from":[7.0,7.0,7.0],"to":[9.0,9.0,9.0],"faces":{"east":{"uv":[0.0,13.0,1.0,14.0],"tintindex":0,"rotation":0,"texture":"#1"},"south":{"uv":[13.0,0.0,14.0,1.0],"tintindex":0,"rotation":0,"texture":"#1"},"north":{"uv":[11.0,12.5,12.0,13.5],"tintindex":0,"rotation":0,"texture":"#1"},"west":{"uv":[1.0,13.0,2.0,14.0],"tintindex":0,"rotation":0,"texture":"#1"},"up":{"uv":[14.0,2.0,13.0,1.0],"tintindex":0,"rotation":0,"texture":"#1"},"down":{"uv":[3.0,13.0,2.0,14.0],"tintindex":0,"rotation":0,"texture":"#1"}}}],"display":{"gui":{"rotation":[30,225,0]}}}